"Идентиф.";"Обозначение";"Посад. место";"Количество";"Значение";"Поставщик и справка";
1;"G***";"CobraPin_Logo_abbrev1";1;"LOGO";;;
2;",,,";"";4;"";;;
3;"J66";"Molex_KK-254_AE-6410-02A_1x02_P2.54mm_Vertical";1;"SW_1_0_95";;;
4;"J8";"Molex_KK-254_AE-6410-02A_1x02_P2.54mm_Vertical";1;"SW_1_0_37";;;
5;"J48";"Molex_KK-254_AE-6410-02A_1x02_P2.54mm_Vertical";1;"SW_1_0_77";;;
6;"J14";"Molex_KK-254_AE-6410-02A_1x02_P2.54mm_Vertical";1;"SW_1_0_43";;;
7;"J55";"Molex_KK-254_AE-6410-02A_1x02_P2.54mm_Vertical";1;"SW_1_0_84";;;
8;"J24";"Molex_KK-254_AE-6410-02A_1x02_P2.54mm_Vertical";1;"SW_1_0_53";;;
9;"J57";"Molex_KK-254_AE-6410-02A_1x02_P2.54mm_Vertical";1;"SW_1_0_86";;;
10;"J37";"Molex_KK-254_AE-6410-02A_1x02_P2.54mm_Vertical";1;"SW_1_0_66";;;
11;"J53";"Molex_KK-254_AE-6410-02A_1x02_P2.54mm_Vertical";1;"SW_1_0_82";;;
12;"J59";"Molex_KK-254_AE-6410-02A_1x02_P2.54mm_Vertical";1;"SW_1_0_88";;;
13;"J36";"Molex_KK-254_AE-6410-02A_1x02_P2.54mm_Vertical";1;"SW_1_0_65";;;
14;"J27";"Molex_KK-254_AE-6410-02A_1x02_P2.54mm_Vertical";1;"SW_1_0_56";;;
15;"J30";"Molex_KK-254_AE-6410-02A_1x02_P2.54mm_Vertical";1;"SW_1_0_59";;;
16;"J32";"Molex_KK-254_AE-6410-02A_1x02_P2.54mm_Vertical";1;"SW_1_0_61";;;
17;"J61";"Molex_KK-254_AE-6410-02A_1x02_P2.54mm_Vertical";1;"SW_1_0_90";;;
18;"J11";"Molex_KK-254_AE-6410-02A_1x02_P2.54mm_Vertical";1;"SW_1_0_40";;;
19;"J39";"Molex_KK-254_AE-6410-02A_1x02_P2.54mm_Vertical";1;"SW_1_0_68";;;
20;"J21";"Molex_KK-254_AE-6410-02A_1x02_P2.54mm_Vertical";1;"SW_1_0_50";;;
21;"J5";"Molex_KK-254_AE-6410-02A_1x02_P2.54mm_Vertical";1;"SW_1_0_34";;;
22;"J29";"Molex_KK-254_AE-6410-02A_1x02_P2.54mm_Vertical";1;"SW_1_0_58";;;
23;"J17";"Molex_KK-254_AE-6410-02A_1x02_P2.54mm_Vertical";1;"SW_1_0_46";;;
24;"J31";"Molex_KK-254_AE-6410-02A_1x02_P2.54mm_Vertical";1;"SW_1_0_60";;;
25;"J7";"Molex_KK-254_AE-6410-02A_1x02_P2.54mm_Vertical";1;"SW_1_0_36";;;
26;"J28";"Molex_KK-254_AE-6410-02A_1x02_P2.54mm_Vertical";1;"SW_1_0_57";;;
27;"J26";"Molex_KK-254_AE-6410-02A_1x02_P2.54mm_Vertical";1;"SW_1_0_55";;;
28;"J4";"Molex_KK-254_AE-6410-02A_1x02_P2.54mm_Vertical";1;"SW_1_0_33";;;
29;"J54";"Molex_KK-254_AE-6410-02A_1x02_P2.54mm_Vertical";1;"SW_1_0_83";;;
30;"J9";"Molex_KK-254_AE-6410-02A_1x02_P2.54mm_Vertical";1;"SW_1_0_38";;;
31;"J10";"Molex_KK-254_AE-6410-02A_1x02_P2.54mm_Vertical";1;"SW_1_0_39";;;
32;"J43";"Molex_KK-254_AE-6410-02A_1x02_P2.54mm_Vertical";1;"SW_1_0_72";;;
33;"J62";"Molex_KK-254_AE-6410-02A_1x02_P2.54mm_Vertical";1;"SW_1_0_91";;;
34;"J64";"Molex_KK-254_AE-6410-02A_1x02_P2.54mm_Vertical";1;"SW_1_0_93";;;
35;"J33";"Molex_KK-254_AE-6410-02A_1x02_P2.54mm_Vertical";1;"SW_1_0_62";;;
36;"J38";"Molex_KK-254_AE-6410-02A_1x02_P2.54mm_Vertical";1;"SW_1_0_67";;;
37;"J65";"Molex_KK-254_AE-6410-02A_1x02_P2.54mm_Vertical";1;"SW_1_0_94";;;
38;"J34";"Molex_KK-254_AE-6410-02A_1x02_P2.54mm_Vertical";1;"SW_1_0_63";;;
39;"J35";"Molex_KK-254_AE-6410-02A_1x02_P2.54mm_Vertical";1;"SW_1_0_64";;;
40;"J20";"Molex_KK-254_AE-6410-02A_1x02_P2.54mm_Vertical";1;"SW_1_0_49";;;
41;"J23";"Molex_KK-254_AE-6410-02A_1x02_P2.54mm_Vertical";1;"SW_1_0_52";;;
42;"J60";"Molex_KK-254_AE-6410-02A_1x02_P2.54mm_Vertical";1;"SW_1_0_89";;;
43;"J46";"Molex_KK-254_AE-6410-02A_1x02_P2.54mm_Vertical";1;"SW_1_0_75";;;
44;"J2";"Molex_KK-254_AE-6410-09A_1x09_P2.54mm_Vertical";1;"SW_OUT";;;
45;"J18";"Molex_KK-254_AE-6410-02A_1x02_P2.54mm_Vertical";1;"SW_1_0_47";;;
46;"J40";"Molex_KK-254_AE-6410-02A_1x02_P2.54mm_Vertical";1;"SW_1_0_69";;;
47;"J25";"Molex_KK-254_AE-6410-02A_1x02_P2.54mm_Vertical";1;"SW_1_0_54";;;
48;"J45";"Molex_KK-254_AE-6410-02A_1x02_P2.54mm_Vertical";1;"SW_1_0_74";;;
49;"J56";"Molex_KK-254_AE-6410-02A_1x02_P2.54mm_Vertical";1;"SW_1_0_85";;;
50;"J42";"Molex_KK-254_AE-6410-02A_1x02_P2.54mm_Vertical";1;"SW_1_0_71";;;
51;"J12";"Molex_KK-254_AE-6410-02A_1x02_P2.54mm_Vertical";1;"SW_1_0_41";;;
52;"J58";"Molex_KK-254_AE-6410-02A_1x02_P2.54mm_Vertical";1;"SW_1_0_87";;;
53;"J50";"Molex_KK-254_AE-6410-02A_1x02_P2.54mm_Vertical";1;"SW_1_0_79";;;
54;"J15";"Molex_KK-254_AE-6410-02A_1x02_P2.54mm_Vertical";1;"SW_1_0_44";;;
55;"J6";"Molex_KK-254_AE-6410-02A_1x02_P2.54mm_Vertical";1;"SW_1_0_35";;;
56;"J22";"Molex_KK-254_AE-6410-02A_1x02_P2.54mm_Vertical";1;"SW_1_0_51";;;
57;"J49";"Molex_KK-254_AE-6410-02A_1x02_P2.54mm_Vertical";1;"SW_1_0_78";;;
58;"J19";"Molex_KK-254_AE-6410-02A_1x02_P2.54mm_Vertical";1;"SW_1_0_48";;;
59;"J52";"Molex_KK-254_AE-6410-02A_1x02_P2.54mm_Vertical";1;"SW_1_0_81";;;
60;"J3";"Molex_KK-254_AE-6410-02A_1x02_P2.54mm_Vertical";1;"SW_1_0_32";;;
61;"J44";"Molex_KK-254_AE-6410-02A_1x02_P2.54mm_Vertical";1;"SW_1_0_73";;;
62;"J47";"Molex_KK-254_AE-6410-02A_1x02_P2.54mm_Vertical";1;"SW_1_0_76";;;
63;"J16";"Molex_KK-254_AE-6410-02A_1x02_P2.54mm_Vertical";1;"SW_1_0_45";;;
64;"J63";"Molex_KK-254_AE-6410-02A_1x02_P2.54mm_Vertical";1;"SW_1_0_92";;;
65;"J13";"Molex_KK-254_AE-6410-02A_1x02_P2.54mm_Vertical";1;"SW_1_0_42";;;
66;"J51";"Molex_KK-254_AE-6410-02A_1x02_P2.54mm_Vertical";1;"SW_1_0_80";;;
67;"J1";"Molex_KK-254_AE-6410-09A_1x09_P2.54mm_Vertical";1;"SW_IN";;;
68;"J41";"Molex_KK-254_AE-6410-02A_1x02_P2.54mm_Vertical";1;"SW_1_0_70";;;
